{"title":"admin@admin.com","descriptor":{"0":-0.09081371128559113,"1":0.07083079218864441,"2":0.06302951276302338,"3":-0.08736776560544968,"4":-0.10696464776992798,"5":0.012520134449005127,"6":-0.07457654178142548,"7":-0.12592732906341553,"8":0.18436308205127716,"9":-0.2430308610200882,"10":0.13882172107696533,"11":-0.023872841149568558,"12":-0.14502261579036713,"13":0.018019864335656166,"14":-0.07923067361116409,"15":0.22214406728744507,"16":-0.10393717885017395,"17":-0.18939633667469025,"18":-0.05403728410601616,"19":-0.007763185538351536,"20":-0.039294976741075516,"21":-0.06362401694059372,"22":0.002664785599336028,"23":0.11772677302360535,"24":-0.14616334438323975,"25":-0.3374050259590149,"26":-0.0936354547739029,"27":-0.06646369397640228,"28":-0.013037916272878647,"29":-0.07988597452640533,"30":-0.08536314964294434,"31":-0.0019300255225971341,"32":-0.2227400243282318,"33":-0.017445139586925507,"34":0.014484538696706295,"35":0.1370147317647934,"36":-0.02895386889576912,"37":-0.022372951731085777,"38":0.16457673907279968,"39":0.01863638311624527,"40":-0.24359534680843353,"41":-0.06957072019577026,"42":0.07220103591680527,"43":0.23974725604057312,"44":0.21128574013710022,"45":0.05830855295062065,"46":0.04060398042201996,"47":-0.10837899148464203,"48":0.13638558983802795,"49":-0.2738097310066223,"50":0.047624778002500534,"51":0.05326240137219429,"52":0.05725938081741333,"53":0.07888730615377426,"54":0.03821380063891411,"55":-0.15823815762996674,"56":0.04938323795795441,"57":0.10987316817045212,"58":-0.13549849390983582,"59":0.06306985765695572,"60":0.03606746718287468,"61":-0.010925030335783958,"62":-0.013597358949482441,"63":-0.006645669229328632,"64":0.3436479866504669,"65":0.14006417989730835,"66":-0.1405710130929947,"67":-0.09138976782560349,"68":0.26463043689727783,"69":-0.19611972570419312,"70":0.020910490304231644,"71":-0.0077927024103701115,"72":-0.06954251229763031,"73":-0.18647241592407227,"74":-0.30863767862319946,"75":-0.043109577149152756,"76":0.4183931350708008,"77":0.2465333789587021,"78":-0.14764004945755005,"79":0.039264459162950516,"80":-0.09784691035747528,"81":0.02648061141371727,"82":0.04509402811527252,"83":0.12361502647399902,"84":-0.09180004149675369,"85":0.10154394060373306,"86":-0.01935587264597416,"87":0.03837011381983757,"88":0.2378479242324829,"89":0.02893860824406147,"90":0.020018568262457848,"91":0.21696065366268158,"92":-0.024898096919059753,"93":0.03601313754916191,"94":0.03131762519478798,"95":0.056141916662454605,"96":-0.16813425719738007,"97":-0.052651017904281616,"98":-0.2083669900894165,"99":-0.07153308391571045,"100":-0.03113527037203312,"101":0.013856341131031513,"102":0.07791636884212494,"103":0.2045305222272873,"104":-0.22546081244945526,"105":0.1832999289035797,"106":-0.0722041204571724,"107":-0.015881497412919998,"108":0.001917458837851882,"109":0.15152530372142792,"110":-0.1036839559674263,"111":-0.11888632923364639,"112":0.1290142685174942,"113":-0.16586743295192719,"114":0.10082365572452545,"115":0.17916655540466309,"116":0.01992723159492016,"117":0.11922349780797958,"118":0.1436043381690979,"119":0.0851542130112648,"120":0.022971855476498604,"121":-0.023818474262952805,"122":-0.16255256533622742,"123":-0.01857776753604412,"124":0.04261643812060356,"125":-0.11675261706113815,"126":0.1140894666314125,"127":0.05182117223739624}}