{"title":"ashishbhargav11072003@gmail.com","descriptor":{"0":-0.22281242907047272,"1":0.20980136096477509,"2":0.06009436398744583,"3":-0.01045200601220131,"4":-0.019625207409262657,"5":-0.054574087262153625,"6":-0.04248739778995514,"7":-0.009977678768336773,"8":0.18098875880241394,"9":-0.0659291222691536,"10":0.24959543347358704,"11":0.023881521075963974,"12":-0.2073763608932495,"13":-0.1509348601102829,"14":-0.10044820606708527,"15":0.11369682848453522,"16":-0.12117242068052292,"17":-0.11492088437080383,"18":-0.054843295365571976,"19":-0.05595596879720688,"20":0.09590110927820206,"21":0.03748222813010216,"22":-0.04769398272037506,"23":0.03581743687391281,"24":-0.04736984521150589,"25":-0.35943374037742615,"26":-0.060829244554042816,"27":-0.10879895091056824,"28":0.010996338911354542,"29":-0.09417855739593506,"30":0.031241971999406815,"31":-0.014378043822944164,"32":-0.17446589469909668,"33":-0.09519665688276291,"34":-0.047422878444194794,"35":0.06708376854658127,"36":-0.01001871656626463,"37":0.04276023805141449,"38":0.16005101799964905,"39":-0.006946189794689417,"40":-0.1367626041173935,"41":0.022633444517850876,"42":0.01717502251267433,"43":0.34958186745643616,"44":0.12269069254398346,"45":0.0856170654296875,"46":-0.010647410526871681,"47":-0.026317352429032326,"48":0.02513483352959156,"49":-0.20810505747795105,"50":0.042276494204998016,"51":0.18808647990226746,"52":0.08712393045425415,"53":0.05966036394238472,"54":0.09018483757972717,"55":-0.1639949232339859,"56":0.0009740989771671593,"57":0.06099211797118187,"58":-0.20458215475082397,"59":0.041638366878032684,"60":-0.0052771675400435925,"61":-0.07798601686954498,"62":-0.05537719652056694,"63":-0.03630004823207855,"64":0.23102936148643494,"65":0.11685996502637863,"66":-0.1012110635638237,"67":-0.15619195997714996,"68":0.16169723868370056,"69":-0.17783406376838684,"70":0.006633806973695755,"71":0.09112381190061569,"72":-0.051266346126794815,"73":-0.1639302521944046,"74":-0.2373637706041336,"75":0.13366176187992096,"76":0.4064447581768036,"77":0.18808360397815704,"78":-0.14339366555213928,"79":0.06077567860484123,"80":-0.1431989222764969,"81":-0.04624646529555321,"82":0.076716847717762,"83":0.009188449941575527,"84":-0.08460959792137146,"85":-0.0007261016289703548,"86":-0.11663050949573517,"87":-0.02618790604174137,"88":0.10399166494607925,"89":0.07002924382686615,"90":-0.06423185020685196,"91":0.17636670172214508,"92":0.006393719464540482,"93":-0.0076772309839725494,"94":0.030298439785838127,"95":-0.02790600247681141,"96":-0.10757604241371155,"97":0.007339526899158955,"98":-0.0961136445403099,"99":-0.023417802527546883,"100":0.022087914869189262,"101":-0.13611522316932678,"102":-0.01850784197449684,"103":0.041856102645397186,"104":-0.14009466767311096,"105":0.07242413610219955,"106":0.03183380886912346,"107":0.021598340943455696,"108":-0.026994748041033745,"109":0.11494910717010498,"110":-0.14673566818237305,"111":-0.05176466330885887,"112":0.1422886848449707,"113":-0.2371644377708435,"114":0.289324015378952,"115":0.1389276087284088,"116":0.022624999284744263,"117":0.20089402794837952,"118":0.16382932662963867,"119":0.09287986159324646,"120":-0.011770125478506088,"121":-0.06600087881088257,"122":-0.08172692358493805,"123":-0.09843095391988754,"124":0.027741175144910812,"125":-0.02495810016989708,"126":0.11979003995656967,"127":0.021779438480734825}}