{"title":"shubham@gmail.com","descriptor":{"0":-0.20194220542907715,"1":0.12288057804107666,"2":0.03801000118255615,"3":-0.030659936368465424,"4":0.02253253012895584,"5":-0.11093182116746902,"6":-0.05912242829799652,"7":-0.05058399215340614,"8":0.1905520111322403,"9":-0.02310861274600029,"10":0.22344723343849182,"11":0.026626689359545708,"12":-0.13344277441501617,"13":-0.12749966979026794,"14":0.004551463294774294,"15":0.13191300630569458,"16":-0.08269909769296646,"17":-0.12245957553386688,"18":-0.07575933635234833,"19":-0.08595018088817596,"20":0.024320142343640327,"21":0.0922679454088211,"22":0.028702186420559883,"23":0.10950389504432678,"24":-0.1258590817451477,"25":-0.33742913603782654,"26":-0.04618000239133835,"27":-0.16801771521568298,"28":0.023134220391511917,"29":-0.053707417100667953,"30":-0.026230962947010994,"31":0.038984738290309906,"32":-0.14532387256622314,"33":-0.04894772171974182,"34":0.029372429475188255,"35":0.11808814853429794,"36":0.019352424889802933,"37":0.03386631980538368,"38":0.19838713109493256,"39":0.09547930955886841,"40":-0.1382836252450943,"41":0.02921307273209095,"42":-0.03559182584285736,"43":0.3408428430557251,"44":0.1868325173854828,"45":0.05539402365684509,"46":0.05119866877794266,"47":-0.07953734695911407,"48":0.14224572479724884,"49":-0.19525636732578278,"50":0.062023188918828964,"51":0.11354836076498032,"52":0.12051273137331009,"53":-0.001806587097235024,"54":0.11163298785686493,"55":-0.16286355257034302,"56":0.03105514496564865,"57":0.05328724905848503,"58":-0.30128782987594604,"59":0.07316922396421432,"60":-0.010143580846488476,"61":-0.03186257928609848,"62":-0.03406773880124092,"63":-0.025376643985509872,"64":0.257366806268692,"65":0.15444143116474152,"66":-0.10653369128704071,"67":-0.09923700243234634,"68":0.14828218519687653,"69":-0.15935371816158295,"70":0.01125431153923273,"71":0.12633198499679565,"72":-0.08519284427165985,"73":-0.18740323185920715,"74":-0.2505957782268524,"75":0.07008333504199982,"76":0.40016189217567444,"77":0.14785975217819214,"78":-0.22243225574493408,"79":0.04892249032855034,"80":-0.0827283039689064,"81":-0.0677681639790535,"82":0.08590483665466309,"83":0.01915527880191803,"84":-0.13335324823856354,"85":0.013531709089875221,"86":-0.13090309500694275,"87":-0.0386856310069561,"88":0.19892720878124237,"89":0.07695285230875015,"90":-0.046602651476860046,"91":0.1947149634361267,"92":-0.0036393695045262575,"93":0.04981280863285065,"94":0.040739331394433975,"95":-0.006475446280092001,"96":-0.1533661037683487,"97":-0.03348599374294281,"98":-0.09721312671899796,"99":-0.09249710291624069,"100":-0.025576744228601456,"101":-0.06472893804311752,"102":0.013682975433766842,"103":0.03230372071266174,"104":-0.17651322484016418,"105":0.15518835186958313,"106":0.0034075104631483555,"107":-0.022235186770558357,"108":-0.09266892820596695,"109":0.08290168642997742,"110":-0.09846455603837967,"111":-0.026842622086405754,"112":0.1385776698589325,"113":-0.17946618795394897,"114":0.2175336331129074,"115":0.09454802423715591,"116":0.05823875218629837,"117":0.18985366821289062,"118":0.0688253790140152,"119":0.03926459327340126,"120":-0.07165654003620148,"121":-0.0019462291384115815,"122":-0.08098769932985306,"123":-0.035640817135572433,"124":0.06069701910018921,"125":-0.05039442330598831,"126":0.16898517310619354,"127":0.04001684859395027}}