{"title":"vivek@gmail.com","descriptor":{"0":-0.16614700853824615,"1":0.05710470676422119,"2":0.03337923809885979,"3":-0.04293147101998329,"4":-0.021474935114383698,"5":-0.09159121662378311,"6":-0.015944169834256172,"7":-0.057048022747039795,"8":0.1670738011598587,"9":-0.08433971554040909,"10":0.1721082478761673,"11":-0.025687985122203827,"12":-0.20846450328826904,"13":-0.061940163373947144,"14":-0.07834798097610474,"15":0.019978441298007965,"16":-0.12599267065525055,"17":-0.13274911046028137,"18":-0.01520467922091484,"19":-0.1118834838271141,"20":0.11742065101861954,"21":0.028478382155299187,"22":0.041373685002326965,"23":0.06456230580806732,"24":-0.2238580286502838,"25":-0.31654441356658936,"26":-0.10931125283241272,"27":-0.1516445279121399,"28":0.011791595257818699,"29":-0.154248908162117,"30":0.016849534586071968,"31":0.05453110486268997,"32":-0.20391374826431274,"33":-0.05283798649907112,"34":-0.03325401619076729,"35":0.10157367587089539,"36":0.0452730692923069,"37":-0.01248188316822052,"38":0.1334206759929657,"39":-0.014990420080721378,"40":-0.10200851410627365,"41":-0.033251337707042694,"42":0.05014393851161003,"43":0.29091954231262207,"44":0.0884958952665329,"45":0.05156235024333,"46":0.023086605593562126,"47":-0.030220959335565567,"48":0.10831410437822342,"49":-0.17800818383693695,"50":0.040478698909282684,"51":0.1327728033065796,"52":0.0549120269715786,"53":0.02017473429441452,"54":0.10883031040430069,"55":-0.12031994014978409,"56":0.04523392394185066,"57":0.07959210872650146,"58":-0.18172743916511536,"59":0.10143517702817917,"60":0.03784077614545822,"61":0.044369690120220184,"62":-0.012832087464630604,"63":0.017126908525824547,"64":0.08724625408649445,"65":0.027441849932074547,"66":-0.061973195523023605,"67":-0.12140249460935593,"68":0.10013424605131149,"69":-0.218712717294693,"70":0.02904491126537323,"71":0.11970333009958267,"72":-0.0816749781370163,"73":-0.21924474835395813,"74":-0.16845576465129852,"75":0.07165294885635376,"76":0.39502790570259094,"77":0.1548442840576172,"78":-0.03852422907948494,"79":0.09074784070253372,"80":-0.0527864508330822,"81":-0.10332651436328888,"82":0.06256768107414246,"83":-0.033553726971149445,"84":-0.1344638168811798,"85":0.09866402298212051,"86":-0.15186914801597595,"87":0.14405392110347748,"88":0.18854767084121704,"89":0.05946202948689461,"90":0.008467155508697033,"91":0.18577243387699127,"92":-0.023438146337866783,"93":0.030953863635659218,"94":0.03253865987062454,"95":0.024420933797955513,"96":-0.18856313824653625,"97":0.08881403505802155,"98":-0.09329545497894287,"99":0.0445311963558197,"100":0.060198184102773666,"101":-0.0791904553771019,"102":-0.028112314641475677,"103":0.05911765247583389,"104":-0.12050885707139969,"105":0.0743541345000267,"106":-0.03232666477560997,"107":-0.06762576848268509,"108":-0.1086854487657547,"109":0.048768363893032074,"110":-0.18342219293117523,"111":-0.04442841187119484,"112":0.10289060324430466,"113":-0.20360030233860016,"114":0.09383634477853775,"115":0.17077010869979858,"116":0.045008961111307144,"117":0.13740897178649902,"118":0.07996154576539993,"119":-0.014213810674846172,"120":0.058073610067367554,"121":-0.007789794355630875,"122":-0.1457710713148117,"123":-0.04355720803141594,"124":0.06105572357773781,"125":-0.06719202548265457,"126":0.03484833985567093,"127":-0.043325528502464294}}